id,name,test,date,idx,nui,notes,region,tester;;
2,Test,Test,NULL,NULL,NULL,NULL,NULL,NULL;;
"15,""Test "",""Test 2"",NULL,NULL,NULL,""SE LLAMA NO RESPONDE SE RINDE INFORME "",NULL,NULL";;
16,Test,Yorly,2017-05-24,NULL,NULL,NULL,NULL,NULL;;
17,Test,""gesdaf"",2017-05-24,NULL,NULL,NULL,NULL,NULL;;
18,Tests,Tests,NULL,NULL,NULL,NULL,NULL,NULL;;
19,test2,Test2,NULL,NULL,NULL,NULL,NULL,NULL;;
20,Test,Pedro,NULL,NULL,NULL,NULL,NULL,NULL;;
21,Test,Pedro,NULL,NULL,NULL,NULL,NULL,NULL;;
22,Test,Alejandro3,NULL,NULL,NULL,NULL,NULL,NULL;;
23,CASTRO,JAIME,NULL,NULL,NULL,NULL,NULL,NULL;;
24,CASTRO,JAIME,NULL,NULL,NULL,NULL,NULL,NULL;;
